power,mu1,mu2,sd1,sd2,n1,n2,n_sim,datetime
0.0465,0,0,1,1,10,10,10000,2024-09-04T22:10:38Z
0.0507,0,0,1,1,10,20,10000,2024-09-04T22:11:22Z
0.0503,0,0,1,1,10,30,10000,2024-09-04T22:12:11Z
0.0496,0,0,1,1,10,40,10000,2024-09-04T22:12:59Z
0.0475,0,0,1,1,10,50,10000,2024-09-04T22:13:58Z
0.052,0,0,1,1,20,10,10000,2024-09-04T22:10:45Z
0.0467,0,0,1,1,20,20,10000,2024-09-04T22:11:31Z
0.0503,0,0,1,1,20,30,10000,2024-09-04T22:12:21Z
0.0504,0,0,1,1,20,40,10000,2024-09-04T22:13:13Z
0.0502,0,0,1,1,20,50,10000,2024-09-04T22:14:08Z
0.0515,0,0,1,1,30,10,10000,2024-09-04T22:10:54Z
0.0482,0,0,1,1,30,20,10000,2024-09-04T22:11:40Z
0.0511,0,0,1,1,30,30,10000,2024-09-04T22:12:34Z
0.052,0,0,1,1,30,40,10000,2024-09-04T22:13:23Z
0.0492,0,0,1,1,30,50,10000,2024-09-04T22:14:17Z
0.0471,0,0,1,1,40,10,10000,2024-09-04T22:11:01Z
0.05,0,0,1,1,40,20,10000,2024-09-04T22:11:53Z
0.0516,0,0,1,1,40,30,10000,2024-09-04T22:12:42Z
0.0482,0,0,1,1,40,40,10000,2024-09-04T22:13:33Z
0.0455,0,0,1,1,40,50,10000,2024-09-04T22:14:27Z
0.05,0,0,1,1,50,10,10000,2024-09-04T22:11:13Z
0.0496,0,0,1,1,50,20,10000,2024-09-04T22:12:02Z
0.0468,0,0,1,1,50,30,10000,2024-09-04T22:12:51Z
0.0483,0,0,1,1,50,40,10000,2024-09-04T22:13:42Z
0.054,0,0,1,1,50,50,10000,2024-09-04T22:14:40Z
0.0489,0,0,1,2,10,10,10000,2024-09-04T22:10:38Z
0.0525,0,0,1,2,10,20,10000,2024-09-04T22:11:27Z
0.0536,0,0,1,2,10,30,10000,2024-09-04T22:12:16Z
0.0476,0,0,1,2,10,40,10000,2024-09-04T22:13:03Z
0.0498,0,0,1,2,10,50,10000,2024-09-04T22:13:59Z
0.0495,0,0,1,2,20,10,10000,2024-09-04T22:10:49Z
0.0516,0,0,1,2,20,20,10000,2024-09-04T22:11:36Z
0.0498,0,0,1,2,20,30,10000,2024-09-04T22:12:25Z
0.0493,0,0,1,2,20,40,10000,2024-09-04T22:13:13Z
0.0478,0,0,1,2,20,50,10000,2024-09-04T22:14:13Z
0.0491,0,0,1,2,30,10,10000,2024-09-04T22:10:57Z
0.053900000000000003,0,0,1,2,30,20,10000,2024-09-04T22:11:44Z
0.0508,0,0,1,2,30,30,10000,2024-09-04T22:12:35Z
0.0469,0,0,1,2,30,40,10000,2024-09-04T22:13:28Z
0.0498,0,0,1,2,30,50,10000,2024-09-04T22:14:22Z
0.0548,0,0,1,2,40,10,10000,2024-09-04T22:11:05Z
0.0512,0,0,1,2,40,20,10000,2024-09-04T22:11:53Z
0.0506,0,0,1,2,40,30,10000,2024-09-04T22:12:46Z
0.0449,0,0,1,2,40,40,10000,2024-09-04T22:13:37Z
0.0497,0,0,1,2,40,50,10000,2024-09-04T22:14:31Z
0.0485,0,0,1,2,50,10,10000,2024-09-04T22:11:14Z
0.0483,0,0,1,2,50,20,10000,2024-09-04T22:12:06Z
0.0505,0,0,1,2,50,30,10000,2024-09-04T22:12:55Z
0.0471,0,0,1,2,50,40,10000,2024-09-04T22:13:48Z
0.0483,0,0,1,2,50,50,10000,2024-09-04T22:14:41Z
0.0511,0,0,1,3,10,10,10000,2024-09-04T22:10:42Z
0.0493,0,0,1,3,10,20,10000,2024-09-04T22:11:27Z
0.0445,0,0,1,3,10,30,10000,2024-09-04T22:12:21Z
0.0514,0,0,1,3,10,40,10000,2024-09-04T22:13:08Z
0.0498,0,0,1,3,10,50,10000,2024-09-04T22:14:03Z
0.0475,0,0,1,3,20,10,10000,2024-09-04T22:10:49Z
0.0503,0,0,1,3,20,20,10000,2024-09-04T22:11:40Z
0.0481,0,0,1,3,20,30,10000,2024-09-04T22:12:30Z
0.0528,0,0,1,3,20,40,10000,2024-09-04T22:13:18Z
0.0516,0,0,1,3,20,50,10000,2024-09-04T22:14:13Z
0.047,0,0,1,3,30,10,10000,2024-09-04T22:11:01Z
0.0554,0,0,1,3,30,20,10000,2024-09-04T22:11:49Z
0.053900000000000003,0,0,1,3,30,30,10000,2024-09-04T22:12:39Z
0.0505,0,0,1,3,30,40,10000,2024-09-04T22:13:28Z
0.0495,0,0,1,3,30,50,10000,2024-09-04T22:14:27Z
0.0533,0,0,1,3,40,10,10000,2024-09-04T22:11:09Z
0.0518,0,0,1,3,40,20,10000,2024-09-04T22:11:57Z
0.0514,0,0,1,3,40,30,10000,2024-09-04T22:12:47Z
0.0503,0,0,1,3,40,40,10000,2024-09-04T22:13:42Z
0.0522,0,0,1,3,40,50,10000,2024-09-04T22:14:36Z
0.0497,0,0,1,3,50,10,10000,2024-09-04T22:11:18Z
0.0495,0,0,1,3,50,20,10000,2024-09-04T22:12:07Z
0.0522,0,0,1,3,50,30,10000,2024-09-04T22:12:59Z
0.052,0,0,1,3,50,40,10000,2024-09-04T22:13:53Z
0.053,0,0,1,3,50,50,10000,2024-09-04T22:14:45Z
0.0503,0,0,2,1,10,10,10000,2024-09-04T22:10:38Z
0.0534,0,0,2,1,10,20,10000,2024-09-04T22:11:22Z
0.0501,0,0,2,1,10,30,10000,2024-09-04T22:12:11Z
0.0504,0,0,2,1,10,40,10000,2024-09-04T22:13:03Z
0.0567,0,0,2,1,10,50,10000,2024-09-04T22:13:58Z
0.0515,0,0,2,1,20,10,10000,2024-09-04T22:10:45Z
0.0498,0,0,2,1,20,20,10000,2024-09-04T22:11:31Z
0.0515,0,0,2,1,20,30,10000,2024-09-04T22:12:25Z
0.0487,0,0,2,1,20,40,10000,2024-09-04T22:13:13Z
0.0517,0,0,2,1,20,50,10000,2024-09-04T22:14:08Z
0.0516,0,0,2,1,30,10,10000,2024-09-04T22:10:54Z
0.0448,0,0,2,1,30,20,10000,2024-09-04T22:11:44Z
0.053,0,0,2,1,30,30,10000,2024-09-04T22:12:34Z
0.0484,0,0,2,1,30,40,10000,2024-09-04T22:13:23Z
0.0482,0,0,2,1,30,50,10000,2024-09-04T22:14:18Z
0.049,0,0,2,1,40,10,10000,2024-09-04T22:11:05Z
0.0515,0,0,2,1,40,20,10000,2024-09-04T22:11:53Z
0.0498,0,0,2,1,40,30,10000,2024-09-04T22:12:42Z
0.0492,0,0,2,1,40,40,10000,2024-09-04T22:13:33Z
0.0506,0,0,2,1,40,50,10000,2024-09-04T22:14:31Z
0.0535,0,0,2,1,50,10,10000,2024-09-04T22:11:13Z
0.0481,0,0,2,1,50,20,10000,2024-09-04T22:12:02Z
0.0496,0,0,2,1,50,30,10000,2024-09-04T22:12:51Z
0.0495,0,0,2,1,50,40,10000,2024-09-04T22:13:47Z
0.049,0,0,2,1,50,50,10000,2024-09-04T22:14:40Z
0.0496,0,0,2,2,10,10,10000,2024-09-04T22:10:42Z
0.0457,0,0,2,2,10,20,10000,2024-09-04T22:11:27Z
0.0531,0,0,2,2,10,30,10000,2024-09-04T22:12:16Z
0.0516,0,0,2,2,10,40,10000,2024-09-04T22:13:04Z
0.0513,0,0,2,2,10,50,10000,2024-09-04T22:14:03Z
0.0499,0,0,2,2,20,10,10000,2024-09-04T22:10:49Z
0.0479,0,0,2,2,20,20,10000,2024-09-04T22:11:36Z
0.0508,0,0,2,2,20,30,10000,2024-09-04T22:12:25Z
0.0496,0,0,2,2,20,40,10000,2024-09-04T22:13:18Z
0.0494,0,0,2,2,20,50,10000,2024-09-04T22:14:13Z
0.0485,0,0,2,2,30,10,10000,2024-09-04T22:10:57Z
0.0536,0,0,2,2,30,20,10000,2024-09-04T22:11:44Z
0.0522,0,0,2,2,30,30,10000,2024-09-04T22:12:38Z
0.0509,0,0,2,2,30,40,10000,2024-09-04T22:13:28Z
0.0489,0,0,2,2,30,50,10000,2024-09-04T22:14:22Z
0.0533,0,0,2,2,40,10,10000,2024-09-04T22:11:05Z
0.0502,0,0,2,2,40,20,10000,2024-09-04T22:11:57Z
0.0512,0,0,2,2,40,30,10000,2024-09-04T22:12:47Z
0.0461,0,0,2,2,40,40,10000,2024-09-04T22:13:37Z
0.0494,0,0,2,2,40,50,10000,2024-09-04T22:14:32Z
0.0487,0,0,2,2,50,10,10000,2024-09-04T22:11:18Z
0.0481,0,0,2,2,50,20,10000,2024-09-04T22:12:06Z
0.0481,0,0,2,2,50,30,10000,2024-09-04T22:12:55Z
0.0521,0,0,2,2,50,40,10000,2024-09-04T22:13:48Z
0.0483,0,0,2,2,50,50,10000,2024-09-04T22:14:45Z
0.0536,0,0,2,3,10,10,10000,2024-09-04T22:10:42Z
0.0469,0,0,2,3,10,20,10000,2024-09-04T22:11:31Z
0.0456,0,0,2,3,10,30,10000,2024-09-04T22:12:21Z
0.0503,0,0,2,3,10,40,10000,2024-09-04T22:13:08Z
0.0513,0,0,2,3,10,50,10000,2024-09-04T22:14:04Z
0.0475,0,0,2,3,20,10,10000,2024-09-04T22:10:53Z
0.0536,0,0,2,3,20,20,10000,2024-09-04T22:11:40Z
0.0498,0,0,2,3,20,30,10000,2024-09-04T22:12:30Z
0.048,0,0,2,3,20,40,10000,2024-09-04T22:13:18Z
0.046,0,0,2,3,20,50,10000,2024-09-04T22:14:17Z
0.0545,0,0,2,3,30,10,10000,2024-09-04T22:11:01Z
0.0496,0,0,2,3,30,20,10000,2024-09-04T22:11:49Z
0.0514,0,0,2,3,30,30,10000,2024-09-04T22:12:39Z
0.0436,0,0,2,3,30,40,10000,2024-09-04T22:13:33Z
0.0474,0,0,2,3,30,50,10000,2024-09-04T22:14:27Z
0.0536,0,0,2,3,40,10,10000,2024-09-04T22:11:09Z
0.0483,0,0,2,3,40,20,10000,2024-09-04T22:11:57Z
0.0514,0,0,2,3,40,30,10000,2024-09-04T22:12:51Z
0.0511,0,0,2,3,40,40,10000,2024-09-04T22:13:42Z
0.0526,0,0,2,3,40,50,10000,2024-09-04T22:14:36Z
0.0516,0,0,2,3,50,10,10000,2024-09-04T22:11:18Z
0.0481,0,0,2,3,50,20,10000,2024-09-04T22:12:11Z
0.0505,0,0,2,3,50,30,10000,2024-09-04T22:12:59Z
0.0501,0,0,2,3,50,40,10000,2024-09-04T22:13:53Z
0.0504,0,0,2,3,50,50,10000,2024-09-04T22:14:45Z
0.0461,0,0,3,1,10,10,10000,2024-09-04T22:10:38Z
0.051,0,0,3,1,10,20,10000,2024-09-04T22:11:22Z
0.0518,0,0,3,1,10,30,10000,2024-09-04T22:12:16Z
0.0479,0,0,3,1,10,40,10000,2024-09-04T22:13:03Z
0.0512,0,0,3,1,10,50,10000,2024-09-04T22:13:58Z
0.052,0,0,3,1,20,10,10000,2024-09-04T22:10:45Z
0.0499,0,0,3,1,20,20,10000,2024-09-04T22:11:36Z
0.0496,0,0,3,1,20,30,10000,2024-09-04T22:12:25Z
0.0489,0,0,3,1,20,40,10000,2024-09-04T22:13:13Z
0.048,0,0,3,1,20,50,10000,2024-09-04T22:14:09Z
0.0495,0,0,3,1,30,10,10000,2024-09-04T22:10:57Z
0.0491,0,0,3,1,30,20,10000,2024-09-04T22:11:44Z
0.0503,0,0,3,1,30,30,10000,2024-09-04T22:12:34Z
0.0516,0,0,3,1,30,40,10000,2024-09-04T22:13:23Z
0.0513,0,0,3,1,30,50,10000,2024-09-04T22:14:22Z
0.0481,0,0,3,1,40,10,10000,2024-09-04T22:11:05Z
0.049,0,0,3,1,40,20,10000,2024-09-04T22:11:53Z
0.0521,0,0,3,1,40,30,10000,2024-09-04T22:12:43Z
0.0496,0,0,3,1,40,40,10000,2024-09-04T22:13:37Z
0.0488,0,0,3,1,40,50,10000,2024-09-04T22:14:31Z
0.0537,0,0,3,1,50,10,10000,2024-09-04T22:11:13Z
0.0476,0,0,3,1,50,20,10000,2024-09-04T22:12:02Z
0.0511,0,0,3,1,50,30,10000,2024-09-04T22:12:55Z
0.0487,0,0,3,1,50,40,10000,2024-09-04T22:13:48Z
0.0482,0,0,3,1,50,50,10000,2024-09-04T22:14:40Z
0.0525,0,0,3,2,10,10,10000,2024-09-04T22:10:42Z
0.0504,0,0,3,2,10,20,10000,2024-09-04T22:11:27Z
0.0501,0,0,3,2,10,30,10000,2024-09-04T22:12:16Z
0.0508,0,0,3,2,10,40,10000,2024-09-04T22:13:08Z
0.051,0,0,3,2,10,50,10000,2024-09-04T22:14:03Z
0.0526,0,0,3,2,20,10,10000,2024-09-04T22:10:49Z
0.0476,0,0,3,2,20,20,10000,2024-09-04T22:11:36Z
0.0537,0,0,3,2,20,30,10000,2024-09-04T22:12:30Z
0.0507,0,0,3,2,20,40,10000,2024-09-04T22:13:18Z
0.0483,0,0,3,2,20,50,10000,2024-09-04T22:14:13Z
0.0508,0,0,3,2,30,10,10000,2024-09-04T22:10:58Z
0.0485,0,0,3,2,30,20,10000,2024-09-04T22:11:48Z
0.0519,0,0,3,2,30,30,10000,2024-09-04T22:12:39Z
0.0492,0,0,3,2,30,40,10000,2024-09-04T22:13:28Z
0.0538,0,0,3,2,30,50,10000,2024-09-04T22:14:22Z
0.0483,0,0,3,2,40,10,10000,2024-09-04T22:11:09Z
0.0451,0,0,3,2,40,20,10000,2024-09-04T22:11:57Z
0.0525,0,0,3,2,40,30,10000,2024-09-04T22:12:47Z
0.0493,0,0,3,2,40,40,10000,2024-09-04T22:13:37Z
0.0541,0,0,3,2,40,50,10000,2024-09-04T22:14:36Z
0.053,0,0,3,2,50,10,10000,2024-09-04T22:11:18Z
0.0517,0,0,3,2,50,20,10000,2024-09-04T22:12:07Z
0.0468,0,0,3,2,50,30,10000,2024-09-04T22:12:55Z
0.0473,0,0,3,2,50,40,10000,2024-09-04T22:13:53Z
0.0469,0,0,3,2,50,50,10000,2024-09-04T22:14:45Z
0.0507,0,0,3,3,10,10,10000,2024-09-04T22:10:45Z
0.0518,0,0,3,3,10,20,10000,2024-09-04T22:11:31Z
0.0467,0,0,3,3,10,30,10000,2024-09-04T22:12:21Z
0.0493,0,0,3,3,10,40,10000,2024-09-04T22:13:08Z
0.0495,0,0,3,3,10,50,10000,2024-09-04T22:14:08Z
0.0427,0,0,3,3,20,10,10000,2024-09-04T22:10:54Z
0.045,0,0,3,3,20,20,10000,2024-09-04T22:11:40Z
0.047,0,0,3,3,20,30,10000,2024-09-04T22:12:30Z
0.051,0,0,3,3,20,40,10000,2024-09-04T22:13:23Z
0.0518,0,0,3,3,20,50,10000,2024-09-04T22:14:17Z
0.0542,0,0,3,3,30,10,10000,2024-09-04T22:11:01Z
0.0517,0,0,3,3,30,20,10000,2024-09-04T22:11:49Z
0.0495,0,0,3,3,30,30,10000,2024-09-04T22:12:42Z
0.0494,0,0,3,3,30,40,10000,2024-09-04T22:13:33Z
0.0492,0,0,3,3,30,50,10000,2024-09-04T22:14:27Z
0.0528,0,0,3,3,40,10,10000,2024-09-04T22:11:09Z
0.0493,0,0,3,3,40,20,10000,2024-09-04T22:12:02Z
0.0524,0,0,3,3,40,30,10000,2024-09-04T22:12:51Z
0.051,0,0,3,3,40,40,10000,2024-09-04T22:13:42Z
0.0487,0,0,3,3,40,50,10000,2024-09-04T22:14:36Z
0.0508,0,0,3,3,50,10,10000,2024-09-04T22:11:22Z
0.0481,0,0,3,3,50,20,10000,2024-09-04T22:12:11Z
0.0482,0,0,3,3,50,30,10000,2024-09-04T22:12:59Z
0.0488,0,0,3,3,50,40,10000,2024-09-04T22:13:54Z
0.0491,0,0,3,3,50,50,10000,2024-09-04T22:14:49Z
0.5571,0,1,1,1,10,10,10000,2024-09-04T22:10:38Z
0.6834,0,1,1,1,10,20,10000,2024-09-04T22:11:22Z
0.73,0,1,1,1,10,30,10000,2024-09-04T22:12:11Z
0.7432,0,1,1,1,10,40,10000,2024-09-04T22:13:00Z
0.7557,0,1,1,1,10,50,10000,2024-09-04T22:13:58Z
0.6877,0,1,1,1,20,10,10000,2024-09-04T22:10:45Z
0.8671,0,1,1,1,20,20,10000,2024-09-04T22:11:31Z
0.9207,0,1,1,1,20,30,10000,2024-09-04T22:12:21Z
0.9471,0,1,1,1,20,40,10000,2024-09-04T22:13:13Z
0.9574,0,1,1,1,20,50,10000,2024-09-04T22:14:08Z
0.7339,0,1,1,1,30,10,10000,2024-09-04T22:10:54Z
0.9264,0,1,1,1,30,20,10000,2024-09-04T22:11:40Z
0.9683,0,1,1,1,30,30,10000,2024-09-04T22:12:34Z
0.984,0,1,1,1,30,40,10000,2024-09-04T22:13:23Z
0.9901,0,1,1,1,30,50,10000,2024-09-04T22:14:17Z
0.7472,0,1,1,1,40,10,10000,2024-09-04T22:11:01Z
0.9406,0,1,1,1,40,20,10000,2024-09-04T22:11:53Z
0.9835,0,1,1,1,40,30,10000,2024-09-04T22:12:42Z
0.991,0,1,1,1,40,40,10000,2024-09-04T22:13:33Z
0.9976,0,1,1,1,40,50,10000,2024-09-04T22:14:28Z
0.7641,0,1,1,1,50,10,10000,2024-09-04T22:11:13Z
0.9524,0,1,1,1,50,20,10000,2024-09-04T22:12:02Z
0.9896,0,1,1,1,50,30,10000,2024-09-04T22:12:51Z
0.996,0,1,1,1,50,40,10000,2024-09-04T22:13:43Z
0.9985,0,1,1,1,50,50,10000,2024-09-04T22:14:40Z
0.2586,0,1,1,2,10,10,10000,2024-09-04T22:10:38Z
0.4202,0,1,1,2,10,20,10000,2024-09-04T22:11:27Z
0.5188,0,1,1,2,10,30,10000,2024-09-04T22:12:16Z
0.5839,0,1,1,2,10,40,10000,2024-09-04T22:13:04Z
0.6165,0,1,1,2,10,50,10000,2024-09-04T22:13:59Z
0.2777,0,1,1,2,20,10,10000,2024-09-04T22:10:49Z
0.492,0,1,1,2,20,20,10000,2024-09-04T22:11:36Z
0.6177,0,1,1,2,20,30,10000,2024-09-04T22:12:25Z
0.7112,0,1,1,2,20,40,10000,2024-09-04T22:13:14Z
0.773,0,1,1,2,20,50,10000,2024-09-04T22:14:13Z
0.2929,0,1,1,2,30,10,10000,2024-09-04T22:10:58Z
0.5139,0,1,1,2,30,20,10000,2024-09-04T22:11:44Z
0.6665,0,1,1,2,30,30,10000,2024-09-04T22:12:35Z
0.7707,0,1,1,2,30,40,10000,2024-09-04T22:13:28Z
0.8366,0,1,1,2,30,50,10000,2024-09-04T22:14:22Z
0.289,0,1,1,2,40,10,10000,2024-09-04T22:11:05Z
0.5257,0,1,1,2,40,20,10000,2024-09-04T22:11:53Z
0.6862,0,1,1,2,40,30,10000,2024-09-04T22:12:46Z
0.7944,0,1,1,2,40,40,10000,2024-09-04T22:13:37Z
0.8655,0,1,1,2,40,50,10000,2024-09-04T22:14:31Z
0.2964,0,1,1,2,50,10,10000,2024-09-04T22:11:14Z
0.5303,0,1,1,2,50,20,10000,2024-09-04T22:12:06Z
0.7016,0,1,1,2,50,30,10000,2024-09-04T22:12:55Z
0.8025,0,1,1,2,50,40,10000,2024-09-04T22:13:48Z
0.8733,0,1,1,2,50,50,10000,2024-09-04T22:14:42Z
0.1505,0,1,1,3,10,10,10000,2024-09-04T22:10:42Z
0.2542,0,1,1,3,10,20,10000,2024-09-04T22:11:27Z
0.3351,0,1,1,3,10,30,10000,2024-09-04T22:12:21Z
0.4008,0,1,1,3,10,40,10000,2024-09-04T22:13:08Z
0.447,0,1,1,3,10,50,10000,2024-09-04T22:14:03Z
0.1574,0,1,1,3,20,10,10000,2024-09-04T22:10:49Z
0.2724,0,1,1,3,20,20,10000,2024-09-04T22:11:40Z
0.3816,0,1,1,3,20,30,10000,2024-09-04T22:12:30Z
0.4629,0,1,1,3,20,40,10000,2024-09-04T22:13:18Z
0.5424,0,1,1,3,20,50,10000,2024-09-04T22:14:14Z
0.1556,0,1,1,3,30,10,10000,2024-09-04T22:11:01Z
0.279,0,1,1,3,30,20,10000,2024-09-04T22:11:49Z
0.3902,0,1,1,3,30,30,10000,2024-09-04T22:12:39Z
0.4844,0,1,1,3,30,40,10000,2024-09-04T22:13:29Z
0.5681,0,1,1,3,30,50,10000,2024-09-04T22:14:27Z
0.1522,0,1,1,3,40,10,10000,2024-09-04T22:11:09Z
0.2874,0,1,1,3,40,20,10000,2024-09-04T22:11:57Z
0.4051,0,1,1,3,40,30,10000,2024-09-04T22:12:47Z
0.5029,0,1,1,3,40,40,10000,2024-09-04T22:13:42Z
0.5906,0,1,1,3,40,50,10000,2024-09-04T22:14:36Z
0.1546,0,1,1,3,50,10,10000,2024-09-04T22:11:18Z
0.2781,0,1,1,3,50,20,10000,2024-09-04T22:12:07Z
0.4106,0,1,1,3,50,30,10000,2024-09-04T22:12:59Z
0.514,0,1,1,3,50,40,10000,2024-09-04T22:13:53Z
0.5946,0,1,1,3,50,50,10000,2024-09-04T22:14:45Z
0.2541,0,1,2,1,10,10,10000,2024-09-04T22:10:38Z
0.2711,0,1,2,1,10,20,10000,2024-09-04T22:11:22Z
0.2861,0,1,2,1,10,30,10000,2024-09-04T22:12:11Z
0.2806,0,1,2,1,10,40,10000,2024-09-04T22:13:03Z
0.2907,0,1,2,1,10,50,10000,2024-09-04T22:13:58Z
0.4225,0,1,2,1,20,10,10000,2024-09-04T22:10:45Z
0.4837,0,1,2,1,20,20,10000,2024-09-04T22:11:31Z
0.5168,0,1,2,1,20,30,10000,2024-09-04T22:12:25Z
0.523,0,1,2,1,20,40,10000,2024-09-04T22:13:13Z
0.5356,0,1,2,1,20,50,10000,2024-09-04T22:14:08Z
0.5106,0,1,2,1,30,10,10000,2024-09-04T22:10:54Z
0.6337,0,1,2,1,30,20,10000,2024-09-04T22:11:44Z
0.661,0,1,2,1,30,30,10000,2024-09-04T22:12:34Z
0.6952,0,1,2,1,30,40,10000,2024-09-04T22:13:23Z
0.702,0,1,2,1,30,50,10000,2024-09-04T22:14:19Z
0.5754,0,1,2,1,40,10,10000,2024-09-04T22:11:05Z
0.7175,0,1,2,1,40,20,10000,2024-09-04T22:11:53Z
0.763,0,1,2,1,40,30,10000,2024-09-04T22:12:42Z
0.7982,0,1,2,1,40,40,10000,2024-09-04T22:13:33Z
0.81,0,1,2,1,40,50,10000,2024-09-04T22:14:31Z
0.6135,0,1,2,1,50,10,10000,2024-09-04T22:11:13Z
0.7731,0,1,2,1,50,20,10000,2024-09-04T22:12:02Z
0.8386,0,1,2,1,50,30,10000,2024-09-04T22:12:51Z
0.8636,0,1,2,1,50,40,10000,2024-09-04T22:13:47Z
0.8806,0,1,2,1,50,50,10000,2024-09-04T22:14:40Z
0.1801,0,1,2,2,10,10,10000,2024-09-04T22:10:42Z
0.2328,0,1,2,2,10,20,10000,2024-09-04T22:11:27Z
0.2521,0,1,2,2,10,30,10000,2024-09-04T22:12:16Z
0.2618,0,1,2,2,10,40,10000,2024-09-04T22:13:04Z
0.2713,0,1,2,2,10,50,10000,2024-09-04T22:14:03Z
0.2319,0,1,2,2,20,10,10000,2024-09-04T22:10:49Z
0.3399,0,1,2,2,20,20,10000,2024-09-04T22:11:36Z
0.3909,0,1,2,2,20,30,10000,2024-09-04T22:12:25Z
0.4255,0,1,2,2,20,40,10000,2024-09-04T22:13:18Z
0.4483,0,1,2,2,20,50,10000,2024-09-04T22:14:13Z
0.2497,0,1,2,2,30,10,10000,2024-09-04T22:10:57Z
0.397,0,1,2,2,30,20,10000,2024-09-04T22:11:44Z
0.4761,0,1,2,2,30,30,10000,2024-09-04T22:12:38Z
0.5359,0,1,2,2,30,40,10000,2024-09-04T22:13:28Z
0.5601,0,1,2,2,30,50,10000,2024-09-04T22:14:22Z
0.269,0,1,2,2,40,10,10000,2024-09-04T22:11:05Z
0.4275,0,1,2,2,40,20,10000,2024-09-04T22:11:57Z
0.5361,0,1,2,2,40,30,10000,2024-09-04T22:12:47Z
0.6037,0,1,2,2,40,40,10000,2024-09-04T22:13:37Z
0.6457,0,1,2,2,40,50,10000,2024-09-04T22:14:32Z
0.2657,0,1,2,2,50,10,10000,2024-09-04T22:11:18Z
0.4494,0,1,2,2,50,20,10000,2024-09-04T22:12:07Z
0.569,0,1,2,2,50,30,10000,2024-09-04T22:12:55Z
0.649,0,1,2,2,50,40,10000,2024-09-04T22:13:48Z
0.7011,0,1,2,2,50,50,10000,2024-09-04T22:14:45Z
0.1304,0,1,2,3,10,10,10000,2024-09-04T22:10:42Z
0.1792,0,1,2,3,10,20,10000,2024-09-04T22:11:31Z
0.213,0,1,2,3,10,30,10000,2024-09-04T22:12:21Z
0.2404,0,1,2,3,10,40,10000,2024-09-04T22:13:08Z
0.2343,0,1,2,3,10,50,10000,2024-09-04T22:14:04Z
0.1395,0,1,2,3,20,10,10000,2024-09-04T22:10:54Z
0.2245,0,1,2,3,20,20,10000,2024-09-04T22:11:40Z
0.2823,0,1,2,3,20,30,10000,2024-09-04T22:12:30Z
0.3303,0,1,2,3,20,40,10000,2024-09-04T22:13:19Z
0.3603,0,1,2,3,20,50,10000,2024-09-04T22:14:17Z
0.1521,0,1,2,3,30,10,10000,2024-09-04T22:11:01Z
0.2352,0,1,2,3,30,20,10000,2024-09-04T22:11:49Z
0.3142,0,1,2,3,30,30,10000,2024-09-04T22:12:39Z
0.3776,0,1,2,3,30,40,10000,2024-09-04T22:13:33Z
0.419,0,1,2,3,30,50,10000,2024-09-04T22:14:27Z
0.1524,0,1,2,3,40,10,10000,2024-09-04T22:11:09Z
0.2615,0,1,2,3,40,20,10000,2024-09-04T22:11:57Z
0.3359,0,1,2,3,40,30,10000,2024-09-04T22:12:51Z
0.4163,0,1,2,3,40,40,10000,2024-09-04T22:13:42Z
0.4648,0,1,2,3,40,50,10000,2024-09-04T22:14:36Z
0.1595,0,1,2,3,50,10,10000,2024-09-04T22:11:18Z
0.2609,0,1,2,3,50,20,10000,2024-09-04T22:12:11Z
0.3504,0,1,2,3,50,30,10000,2024-09-04T22:12:59Z
0.427,0,1,2,3,50,40,10000,2024-09-04T22:13:53Z
0.4803,0,1,2,3,50,50,10000,2024-09-04T22:14:46Z
0.1476,0,1,3,1,10,10,10000,2024-09-04T22:10:38Z
0.1572,0,1,3,1,10,20,10000,2024-09-04T22:11:22Z
0.1582,0,1,3,1,10,30,10000,2024-09-04T22:12:16Z
0.1584,0,1,3,1,10,40,10000,2024-09-04T22:13:03Z
0.1549,0,1,3,1,10,50,10000,2024-09-04T22:13:58Z
0.2537,0,1,3,1,20,10,10000,2024-09-04T22:10:45Z
0.2793,0,1,3,1,20,20,10000,2024-09-04T22:11:36Z
0.2871,0,1,3,1,20,30,10000,2024-09-04T22:12:25Z
0.2924,0,1,3,1,20,40,10000,2024-09-04T22:13:13Z
0.2904,0,1,3,1,20,50,10000,2024-09-04T22:14:09Z
0.3346,0,1,3,1,30,10,10000,2024-09-04T22:10:57Z
0.3797,0,1,3,1,30,20,10000,2024-09-04T22:11:44Z
0.3827,0,1,3,1,30,30,10000,2024-09-04T22:12:35Z
0.3976,0,1,3,1,30,40,10000,2024-09-04T22:13:23Z
0.4019,0,1,3,1,30,50,10000,2024-09-04T22:14:22Z
0.4062,0,1,3,1,40,10,10000,2024-09-04T22:11:05Z
0.4622,0,1,3,1,40,20,10000,2024-09-04T22:11:53Z
0.4879,0,1,3,1,40,30,10000,2024-09-04T22:12:43Z
0.4917,0,1,3,1,40,40,10000,2024-09-04T22:13:37Z
0.5116,0,1,3,1,40,50,10000,2024-09-04T22:14:31Z
0.453,0,1,3,1,50,10,10000,2024-09-04T22:11:13Z
0.5291,0,1,3,1,50,20,10000,2024-09-04T22:12:02Z
0.5597,0,1,3,1,50,30,10000,2024-09-04T22:12:55Z
0.5876,0,1,3,1,50,40,10000,2024-09-04T22:13:48Z
0.5942,0,1,3,1,50,50,10000,2024-09-04T22:14:40Z
0.1269,0,1,3,2,10,10,10000,2024-09-04T22:10:42Z
0.1451,0,1,3,2,10,20,10000,2024-09-04T22:11:27Z
0.1485,0,1,3,2,10,30,10000,2024-09-04T22:12:16Z
0.1554,0,1,3,2,10,40,10000,2024-09-04T22:13:08Z
0.1561,0,1,3,2,10,50,10000,2024-09-04T22:14:03Z
0.1819,0,1,3,2,20,10,10000,2024-09-04T22:10:49Z
0.2299,0,1,3,2,20,20,10000,2024-09-04T22:11:36Z
0.2404,0,1,3,2,20,30,10000,2024-09-04T22:12:30Z
0.2573,0,1,3,2,20,40,10000,2024-09-04T22:13:18Z
0.2607,0,1,3,2,20,50,10000,2024-09-04T22:14:13Z
0.2079,0,1,3,2,30,10,10000,2024-09-04T22:10:58Z
0.2822,0,1,3,2,30,20,10000,2024-09-04T22:11:48Z
0.3232,0,1,3,2,30,30,10000,2024-09-04T22:12:39Z
0.3348,0,1,3,2,30,40,10000,2024-09-04T22:13:28Z
0.357,0,1,3,2,30,50,10000,2024-09-04T22:14:23Z
0.2216,0,1,3,2,40,10,10000,2024-09-04T22:11:09Z
0.3207,0,1,3,2,40,20,10000,2024-09-04T22:11:57Z
0.3714,0,1,3,2,40,30,10000,2024-09-04T22:12:47Z
0.415,0,1,3,2,40,40,10000,2024-09-04T22:13:38Z
0.4234,0,1,3,2,40,50,10000,2024-09-04T22:14:36Z
0.2379,0,1,3,2,50,10,10000,2024-09-04T22:11:18Z
0.3485,0,1,3,2,50,20,10000,2024-09-04T22:12:07Z
0.4151,0,1,3,2,50,30,10000,2024-09-04T22:12:55Z
0.4628,0,1,3,2,50,40,10000,2024-09-04T22:13:53Z
0.4916,0,1,3,2,50,50,10000,2024-09-04T22:14:45Z
0.11,0,1,3,3,10,10,10000,2024-09-04T22:10:45Z
0.1334,0,1,3,3,10,20,10000,2024-09-04T22:11:31Z
0.1389,0,1,3,3,10,30,10000,2024-09-04T22:12:21Z
0.1533,0,1,3,3,10,40,10000,2024-09-04T22:13:09Z
0.1487,0,1,3,3,10,50,10000,2024-09-04T22:14:08Z
0.1323,0,1,3,3,20,10,10000,2024-09-04T22:10:54Z
0.1818,0,1,3,3,20,20,10000,2024-09-04T22:11:40Z
0.1997,0,1,3,3,20,30,10000,2024-09-04T22:12:30Z
0.2141,0,1,3,3,20,40,10000,2024-09-04T22:13:23Z
0.225,0,1,3,3,20,50,10000,2024-09-04T22:14:17Z
0.138,0,1,3,3,30,10,10000,2024-09-04T22:11:01Z
0.2004,0,1,3,3,30,20,10000,2024-09-04T22:11:49Z
0.2484,0,1,3,3,30,30,10000,2024-09-04T22:12:42Z
0.2789,0,1,3,3,30,40,10000,2024-09-04T22:13:33Z
0.2939,0,1,3,3,30,50,10000,2024-09-04T22:14:27Z
0.1407,0,1,3,3,40,10,10000,2024-09-04T22:11:09Z
0.2216,0,1,3,3,40,20,10000,2024-09-04T22:12:02Z
0.2741,0,1,3,3,40,30,10000,2024-09-04T22:12:51Z
0.314,0,1,3,3,40,40,10000,2024-09-04T22:13:42Z
0.3459,0,1,3,3,40,50,10000,2024-09-04T22:14:37Z
0.1477,0,1,3,3,50,10,10000,2024-09-04T22:11:22Z
0.2328,0,1,3,3,50,20,10000,2024-09-04T22:12:11Z
0.302,0,1,3,3,50,30,10000,2024-09-04T22:12:59Z
0.3391,0,1,3,3,50,40,10000,2024-09-04T22:13:54Z
0.3798,0,1,3,3,50,50,10000,2024-09-04T22:14:49Z
0.9884,0,2,1,1,10,10,10000,2024-09-04T22:10:38Z
0.9986,0,2,1,1,10,20,10000,2024-09-04T22:11:22Z
0.9989,0,2,1,1,10,30,10000,2024-09-04T22:12:11Z
0.9994,0,2,1,1,10,40,10000,2024-09-04T22:13:00Z
0.9997,0,2,1,1,10,50,10000,2024-09-04T22:13:58Z
0.9977,0,2,1,1,20,10,10000,2024-09-04T22:10:45Z
1,0,2,1,1,20,20,10000,2024-09-04T22:11:31Z
1,0,2,1,1,20,30,10000,2024-09-04T22:12:21Z
1,0,2,1,1,20,40,10000,2024-09-04T22:13:13Z
1,0,2,1,1,20,50,10000,2024-09-04T22:14:08Z
0.9991,0,2,1,1,30,10,10000,2024-09-04T22:10:54Z
1,0,2,1,1,30,20,10000,2024-09-04T22:11:40Z
1,0,2,1,1,30,30,10000,2024-09-04T22:12:34Z
1,0,2,1,1,30,40,10000,2024-09-04T22:13:23Z
1,0,2,1,1,30,50,10000,2024-09-04T22:14:18Z
0.9999,0,2,1,1,40,10,10000,2024-09-04T22:11:01Z
1,0,2,1,1,40,20,10000,2024-09-04T22:11:53Z
1,0,2,1,1,40,30,10000,2024-09-04T22:12:42Z
1,0,2,1,1,40,40,10000,2024-09-04T22:13:33Z
1,0,2,1,1,40,50,10000,2024-09-04T22:14:29Z
0.9995,0,2,1,1,50,10,10000,2024-09-04T22:11:13Z
1,0,2,1,1,50,20,10000,2024-09-04T22:12:02Z
1,0,2,1,1,50,30,10000,2024-09-04T22:12:51Z
1,0,2,1,1,50,40,10000,2024-09-04T22:13:44Z
1,0,2,1,1,50,50,10000,2024-09-04T22:14:40Z
0.7425,0,2,1,2,10,10,10000,2024-09-04T22:10:38Z
0.9422,0,2,1,2,10,20,10000,2024-09-04T22:11:27Z
0.9794,0,2,1,2,10,30,10000,2024-09-04T22:12:16Z
0.9914,0,2,1,2,10,40,10000,2024-09-04T22:13:04Z
0.996,0,2,1,2,10,50,10000,2024-09-04T22:14:00Z
0.777,0,2,1,2,20,10,10000,2024-09-04T22:10:49Z
0.9705,0,2,1,2,20,20,10000,2024-09-04T22:11:36Z
0.9957,0,2,1,2,20,30,10000,2024-09-04T22:12:25Z
0.9991,0,2,1,2,20,40,10000,2024-09-04T22:13:14Z
0.9998,0,2,1,2,20,50,10000,2024-09-04T22:14:13Z
0.7836,0,2,1,2,30,10,10000,2024-09-04T22:10:57Z
0.9791,0,2,1,2,30,20,10000,2024-09-04T22:11:44Z
0.9983,0,2,1,2,30,30,10000,2024-09-04T22:12:35Z
0.9996,0,2,1,2,30,40,10000,2024-09-04T22:13:28Z
0.9999,0,2,1,2,30,50,10000,2024-09-04T22:14:22Z
0.7867,0,2,1,2,40,10,10000,2024-09-04T22:11:05Z
0.982,0,2,1,2,40,20,10000,2024-09-04T22:11:53Z
0.9981,0,2,1,2,40,30,10000,2024-09-04T22:12:46Z
0.9999,0,2,1,2,40,40,10000,2024-09-04T22:13:37Z
1,0,2,1,2,40,50,10000,2024-09-04T22:14:31Z
0.7885,0,2,1,2,50,10,10000,2024-09-04T22:11:14Z
0.9811,0,2,1,2,50,20,10000,2024-09-04T22:12:06Z
0.9986,0,2,1,2,50,30,10000,2024-09-04T22:12:55Z
0.9998,0,2,1,2,50,40,10000,2024-09-04T22:13:48Z
1,0,2,1,2,50,50,10000,2024-09-04T22:14:43Z
0.4421,0,2,1,3,10,10,10000,2024-09-04T22:10:42Z
0.7402,0,2,1,3,10,20,10000,2024-09-04T22:11:27Z
0.8744,0,2,1,3,10,30,10000,2024-09-04T22:12:21Z
0.9275,0,2,1,3,10,40,10000,2024-09-04T22:13:08Z
0.9594,0,2,1,3,10,50,10000,2024-09-04T22:14:04Z
0.4574,0,2,1,3,20,10,10000,2024-09-04T22:10:49Z
0.7755,0,2,1,3,20,20,10000,2024-09-04T22:11:40Z
0.9131,0,2,1,3,20,30,10000,2024-09-04T22:12:30Z
0.9634,0,2,1,3,20,40,10000,2024-09-04T22:13:18Z
0.9848,0,2,1,3,20,50,10000,2024-09-04T22:14:15Z
0.4638,0,2,1,3,30,10,10000,2024-09-04T22:11:01Z
0.7837,0,2,1,3,30,20,10000,2024-09-04T22:11:49Z
0.9211,0,2,1,3,30,30,10000,2024-09-04T22:12:39Z
0.9704,0,2,1,3,30,40,10000,2024-09-04T22:13:30Z
0.992,0,2,1,3,30,50,10000,2024-09-04T22:14:27Z
0.4719,0,2,1,3,40,10,10000,2024-09-04T22:11:09Z
0.7933,0,2,1,3,40,20,10000,2024-09-04T22:11:57Z
0.9281,0,2,1,3,40,30,10000,2024-09-04T22:12:47Z
0.9756,0,2,1,3,40,40,10000,2024-09-04T22:13:42Z
0.9893,0,2,1,3,40,50,10000,2024-09-04T22:14:36Z
0.4673,0,2,1,3,50,10,10000,2024-09-04T22:11:18Z
0.7953,0,2,1,3,50,20,10000,2024-09-04T22:12:07Z
0.9262,0,2,1,3,50,30,10000,2024-09-04T22:12:59Z
0.9786,0,2,1,3,50,40,10000,2024-09-04T22:13:53Z
0.9932,0,2,1,3,50,50,10000,2024-09-04T22:14:45Z
0.7416,0,2,2,1,10,10,10000,2024-09-04T22:10:38Z
0.7744,0,2,2,1,10,20,10000,2024-09-04T22:11:22Z
0.7883,0,2,2,1,10,30,10000,2024-09-04T22:12:11Z
0.7896,0,2,2,1,10,40,10000,2024-09-04T22:13:03Z
0.7904,0,2,2,1,10,50,10000,2024-09-04T22:13:58Z
0.9408,0,2,2,1,20,10,10000,2024-09-04T22:10:45Z
0.9732,0,2,2,1,20,20,10000,2024-09-04T22:11:31Z
0.9783,0,2,2,1,20,30,10000,2024-09-04T22:12:25Z
0.9806,0,2,2,1,20,40,10000,2024-09-04T22:13:13Z
0.9834,0,2,2,1,20,50,10000,2024-09-04T22:14:08Z
0.9796,0,2,2,1,30,10,10000,2024-09-04T22:10:54Z
0.9948,0,2,2,1,30,20,10000,2024-09-04T22:11:44Z
0.9978,0,2,2,1,30,30,10000,2024-09-04T22:12:34Z
0.9987,0,2,2,1,30,40,10000,2024-09-04T22:13:23Z
0.9981,0,2,2,1,30,50,10000,2024-09-04T22:14:20Z
0.9918,0,2,2,1,40,10,10000,2024-09-04T22:11:05Z
0.9994,0,2,2,1,40,20,10000,2024-09-04T22:11:53Z
0.9999,0,2,2,1,40,30,10000,2024-09-04T22:12:43Z
0.9999,0,2,2,1,40,40,10000,2024-09-04T22:13:34Z
0.9998,0,2,2,1,40,50,10000,2024-09-04T22:14:31Z
0.9965,0,2,2,1,50,10,10000,2024-09-04T22:11:13Z
0.9995,0,2,2,1,50,20,10000,2024-09-04T22:12:02Z
0.9999,0,2,2,1,50,30,10000,2024-09-04T22:12:52Z
1,0,2,2,1,50,40,10000,2024-09-04T22:13:47Z
1,0,2,2,1,50,50,10000,2024-09-04T22:14:40Z
0.5554,0,2,2,2,10,10,10000,2024-09-04T22:10:42Z
0.679,0,2,2,2,10,20,10000,2024-09-04T22:11:27Z
0.732,0,2,2,2,10,30,10000,2024-09-04T22:12:16Z
0.7456,0,2,2,2,10,40,10000,2024-09-04T22:13:04Z
0.7598,0,2,2,2,10,50,10000,2024-09-04T22:14:03Z
0.6893,0,2,2,2,20,10,10000,2024-09-04T22:10:49Z
0.8749,0,2,2,2,20,20,10000,2024-09-04T22:11:36Z
0.9206,0,2,2,2,20,30,10000,2024-09-04T22:12:25Z
0.9437,0,2,2,2,20,40,10000,2024-09-04T22:13:18Z
0.9573,0,2,2,2,20,50,10000,2024-09-04T22:14:13Z
0.7292,0,2,2,2,30,10,10000,2024-09-04T22:10:58Z
0.9191,0,2,2,2,30,20,10000,2024-09-04T22:11:44Z
0.966,0,2,2,2,30,30,10000,2024-09-04T22:12:39Z
0.9808,0,2,2,2,30,40,10000,2024-09-04T22:13:28Z
0.9883,0,2,2,2,30,50,10000,2024-09-04T22:14:22Z
0.7483,0,2,2,2,40,10,10000,2024-09-04T22:11:05Z
0.9451,0,2,2,2,40,20,10000,2024-09-04T22:11:57Z
0.9841,0,2,2,2,40,30,10000,2024-09-04T22:12:47Z
0.9916,0,2,2,2,40,40,10000,2024-09-04T22:13:37Z
0.9962,0,2,2,2,40,50,10000,2024-09-04T22:14:34Z
0.7603,0,2,2,2,50,10,10000,2024-09-04T22:11:18Z
0.9557,0,2,2,2,50,20,10000,2024-09-04T22:12:07Z
0.9901,0,2,2,2,50,30,10000,2024-09-04T22:12:55Z
0.9965,0,2,2,2,50,40,10000,2024-09-04T22:13:50Z
0.9982,0,2,2,2,50,50,10000,2024-09-04T22:14:45Z
0.3818,0,2,2,3,10,10,10000,2024-09-04T22:10:42Z
0.5417,0,2,2,3,10,20,10000,2024-09-04T22:11:31Z
0.6254,0,2,2,3,10,30,10000,2024-09-04T22:12:21Z
0.6763,0,2,2,3,10,40,10000,2024-09-04T22:13:08Z
0.697,0,2,2,3,10,50,10000,2024-09-04T22:14:06Z
0.4177,0,2,2,3,20,10,10000,2024-09-04T22:10:54Z
0.6717,0,2,2,3,20,20,10000,2024-09-04T22:11:40Z
0.7872,0,2,2,3,20,30,10000,2024-09-04T22:12:30Z
0.8565,0,2,2,3,20,40,10000,2024-09-04T22:13:19Z
0.8868,0,2,2,3,20,50,10000,2024-09-04T22:14:17Z
0.4425,0,2,2,3,30,10,10000,2024-09-04T22:11:01Z
0.7208,0,2,2,3,30,20,10000,2024-09-04T22:11:49Z
0.8349,0,2,2,3,30,30,10000,2024-09-04T22:12:39Z
0.9067,0,2,2,3,30,40,10000,2024-09-04T22:13:33Z
0.9451,0,2,2,3,30,50,10000,2024-09-04T22:14:27Z
0.4464,0,2,2,3,40,10,10000,2024-09-04T22:11:09Z
0.7354,0,2,2,3,40,20,10000,2024-09-04T22:11:58Z
0.873,0,2,2,3,40,30,10000,2024-09-04T22:12:51Z
0.9366,0,2,2,3,40,40,10000,2024-09-04T22:13:42Z
0.9645,0,2,2,3,40,50,10000,2024-09-04T22:14:36Z
0.4554,0,2,2,3,50,10,10000,2024-09-04T22:11:18Z
0.7515,0,2,2,3,50,20,10000,2024-09-04T22:12:11Z
0.8851,0,2,2,3,50,30,10000,2024-09-04T22:12:59Z
0.9487,0,2,2,3,50,40,10000,2024-09-04T22:13:54Z
0.9738,0,2,2,3,50,50,10000,2024-09-04T22:14:48Z
0.4507,0,2,3,1,10,10,10000,2024-09-04T22:10:38Z
0.4602,0,2,3,1,10,20,10000,2024-09-04T22:11:22Z
0.4659,0,2,3,1,10,30,10000,2024-09-04T22:12:16Z
0.4668,0,2,3,1,10,40,10000,2024-09-04T22:13:03Z
0.47,0,2,3,1,10,50,10000,2024-09-04T22:13:59Z
0.7416,0,2,3,1,20,10,10000,2024-09-04T22:10:45Z
0.7727,0,2,3,1,20,20,10000,2024-09-04T22:11:36Z
0.7811,0,2,3,1,20,30,10000,2024-09-04T22:12:25Z
0.7876,0,2,3,1,20,40,10000,2024-09-04T22:13:13Z
0.7891,0,2,3,1,20,50,10000,2024-09-04T22:14:10Z
0.8715,0,2,3,1,30,10,10000,2024-09-04T22:10:57Z
0.9071,0,2,3,1,30,20,10000,2024-09-04T22:11:44Z
0.9244,0,2,3,1,30,30,10000,2024-09-04T22:12:35Z
0.9246,0,2,3,1,30,40,10000,2024-09-04T22:13:25Z
0.933,0,2,3,1,30,50,10000,2024-09-04T22:14:22Z
0.9306,0,2,3,1,40,10,10000,2024-09-04T22:11:05Z
0.9635,0,2,3,1,40,20,10000,2024-09-04T22:11:53Z
0.9689,0,2,3,1,40,30,10000,2024-09-04T22:12:43Z
0.975,0,2,3,1,40,40,10000,2024-09-04T22:13:37Z
0.9752,0,2,3,1,40,50,10000,2024-09-04T22:14:31Z
0.9543,0,2,3,1,50,10,10000,2024-09-04T22:11:13Z
0.9824,0,2,3,1,50,20,10000,2024-09-04T22:12:02Z
0.989,0,2,3,1,50,30,10000,2024-09-04T22:12:55Z
0.992,0,2,3,1,50,40,10000,2024-09-04T22:13:47Z
0.9917,0,2,3,1,50,50,10000,2024-09-04T22:14:40Z
0.3673,0,2,3,2,10,10,10000,2024-09-04T22:10:42Z
0.4273,0,2,3,2,10,20,10000,2024-09-04T22:11:27Z
0.4401,0,2,3,2,10,30,10000,2024-09-04T22:12:16Z
0.4402,0,2,3,2,10,40,10000,2024-09-04T22:13:08Z
0.4574,0,2,3,2,10,50,10000,2024-09-04T22:14:03Z
0.5521,0,2,3,2,20,10,10000,2024-09-04T22:10:49Z
0.672,0,2,3,2,20,20,10000,2024-09-04T22:11:36Z
0.7207,0,2,3,2,20,30,10000,2024-09-04T22:12:30Z
0.7397,0,2,3,2,20,40,10000,2024-09-04T22:13:18Z
0.7519,0,2,3,2,20,50,10000,2024-09-04T22:14:13Z
0.6233,0,2,3,2,30,10,10000,2024-09-04T22:10:58Z
0.79,0,2,3,2,30,20,10000,2024-09-04T22:11:48Z
0.8486,0,2,3,2,30,30,10000,2024-09-04T22:12:39Z
0.8717,0,2,3,2,30,40,10000,2024-09-04T22:13:28Z
0.8883,0,2,3,2,30,50,10000,2024-09-04T22:14:24Z
0.6669,0,2,3,2,40,10,10000,2024-09-04T22:11:09Z
0.8514,0,2,3,2,40,20,10000,2024-09-04T22:11:57Z
0.9044,0,2,3,2,40,30,10000,2024-09-04T22:12:47Z
0.9285,0,2,3,2,40,40,10000,2024-09-04T22:13:39Z
0.9452,0,2,3,2,40,50,10000,2024-09-04T22:14:36Z
0.6979,0,2,3,2,50,10,10000,2024-09-04T22:11:18Z
0.886,0,2,3,2,50,20,10000,2024-09-04T22:12:07Z
0.9398,0,2,3,2,50,30,10000,2024-09-04T22:12:56Z
0.9622,0,2,3,2,50,40,10000,2024-09-04T22:13:53Z
0.9712,0,2,3,2,50,50,10000,2024-09-04T22:14:45Z
0.2811,0,2,3,3,10,10,10000,2024-09-04T22:10:45Z
0.3697,0,2,3,3,10,20,10000,2024-09-04T22:11:31Z
0.3956,0,2,3,3,10,30,10000,2024-09-04T22:12:21Z
0.4198,0,2,3,3,10,40,10000,2024-09-04T22:13:09Z
0.427,0,2,3,3,10,50,10000,2024-09-04T22:14:08Z
0.3721,0,2,3,3,20,10,10000,2024-09-04T22:10:54Z
0.5379,0,2,3,3,20,20,10000,2024-09-04T22:11:40Z
0.611,0,2,3,3,20,30,10000,2024-09-04T22:12:30Z
0.6652,0,2,3,3,20,40,10000,2024-09-04T22:13:23Z
0.6906,0,2,3,3,20,50,10000,2024-09-04T22:14:17Z
0.3962,0,2,3,3,30,10,10000,2024-09-04T22:11:01Z
0.6188,0,2,3,3,30,20,10000,2024-09-04T22:11:49Z
0.7228,0,2,3,3,30,30,10000,2024-09-04T22:12:42Z
0.7798,0,2,3,3,30,40,10000,2024-09-04T22:13:33Z
0.8108,0,2,3,3,30,50,10000,2024-09-04T22:14:27Z
0.4237,0,2,3,3,40,10,10000,2024-09-04T22:11:09Z
0.657,0,2,3,3,40,20,10000,2024-09-04T22:12:02Z
0.7798,0,2,3,3,40,30,10000,2024-09-04T22:12:51Z
0.8363,0,2,3,3,40,40,10000,2024-09-04T22:13:42Z
0.877,0,2,3,3,40,50,10000,2024-09-04T22:14:38Z
0.4319,0,2,3,3,50,10,10000,2024-09-04T22:11:22Z
0.6827,0,2,3,3,50,20,10000,2024-09-04T22:12:11Z
0.8192,0,2,3,3,50,30,10000,2024-09-04T22:12:59Z
0.8765,0,2,3,3,50,40,10000,2024-09-04T22:13:55Z
0.9061,0,2,3,3,50,50,10000,2024-09-04T22:14:49Z
1,0,3,1,1,10,10,10000,2024-09-04T22:10:38Z
1,0,3,1,1,10,20,10000,2024-09-04T22:11:22Z
1,0,3,1,1,10,30,10000,2024-09-04T22:12:11Z
1,0,3,1,1,10,40,10000,2024-09-04T22:13:01Z
1,0,3,1,1,10,50,10000,2024-09-04T22:13:58Z
1,0,3,1,1,20,10,10000,2024-09-04T22:10:45Z
1,0,3,1,1,20,20,10000,2024-09-04T22:11:31Z
1,0,3,1,1,20,30,10000,2024-09-04T22:12:22Z
1,0,3,1,1,20,40,10000,2024-09-04T22:13:13Z
1,0,3,1,1,20,50,10000,2024-09-04T22:14:08Z
1,0,3,1,1,30,10,10000,2024-09-04T22:10:54Z
1,0,3,1,1,30,20,10000,2024-09-04T22:11:40Z
1,0,3,1,1,30,30,10000,2024-09-04T22:12:34Z
1,0,3,1,1,30,40,10000,2024-09-04T22:13:23Z
1,0,3,1,1,30,50,10000,2024-09-04T22:14:18Z
1,0,3,1,1,40,10,10000,2024-09-04T22:11:01Z
1,0,3,1,1,40,20,10000,2024-09-04T22:11:53Z
1,0,3,1,1,40,30,10000,2024-09-04T22:12:42Z
1,0,3,1,1,40,40,10000,2024-09-04T22:13:33Z
1,0,3,1,1,40,50,10000,2024-09-04T22:14:30Z
1,0,3,1,1,50,10,10000,2024-09-04T22:11:13Z
1,0,3,1,1,50,20,10000,2024-09-04T22:12:02Z
1,0,3,1,1,50,30,10000,2024-09-04T22:12:51Z
1,0,3,1,1,50,40,10000,2024-09-04T22:13:45Z
1,0,3,1,1,50,50,10000,2024-09-04T22:14:40Z
0.9722,0,3,1,2,10,10,10000,2024-09-04T22:10:38Z
0.9994,0,3,1,2,10,20,10000,2024-09-04T22:11:27Z
1,0,3,1,2,10,30,10000,2024-09-04T22:12:16Z
1,0,3,1,2,10,40,10000,2024-09-04T22:13:04Z
1,0,3,1,2,10,50,10000,2024-09-04T22:14:02Z
0.9826,0,3,1,2,20,10,10000,2024-09-04T22:10:49Z
0.9999,0,3,1,2,20,20,10000,2024-09-04T22:11:36Z
1,0,3,1,2,20,30,10000,2024-09-04T22:12:25Z
1,0,3,1,2,20,40,10000,2024-09-04T22:13:15Z
1,0,3,1,2,20,50,10000,2024-09-04T22:14:13Z
0.9816,0,3,1,2,30,10,10000,2024-09-04T22:10:57Z
0.9999,0,3,1,2,30,20,10000,2024-09-04T22:11:44Z
1,0,3,1,2,30,30,10000,2024-09-04T22:12:35Z
1,0,3,1,2,30,40,10000,2024-09-04T22:13:28Z
1,0,3,1,2,30,50,10000,2024-09-04T22:14:22Z
0.985,0,3,1,2,40,10,10000,2024-09-04T22:11:05Z
1,0,3,1,2,40,20,10000,2024-09-04T22:11:53Z
1,0,3,1,2,40,30,10000,2024-09-04T22:12:46Z
1,0,3,1,2,40,40,10000,2024-09-04T22:13:37Z
1,0,3,1,2,40,50,10000,2024-09-04T22:14:32Z
0.9873,0,3,1,2,50,10,10000,2024-09-04T22:11:14Z
1,0,3,1,2,50,20,10000,2024-09-04T22:12:06Z
1,0,3,1,2,50,30,10000,2024-09-04T22:12:55Z
1,0,3,1,2,50,40,10000,2024-09-04T22:13:48Z
1,0,3,1,2,50,50,10000,2024-09-04T22:14:44Z
0.7807,0,3,1,3,10,10,10000,2024-09-04T22:10:42Z
0.9717,0,3,1,3,10,20,10000,2024-09-04T22:11:27Z
0.9956,0,3,1,3,10,30,10000,2024-09-04T22:12:21Z
0.9994,0,3,1,3,10,40,10000,2024-09-04T22:13:08Z
0.9998,0,3,1,3,10,50,10000,2024-09-04T22:14:04Z
0.7909,0,3,1,3,20,10,10000,2024-09-04T22:10:49Z
0.9825,0,3,1,3,20,20,10000,2024-09-04T22:11:40Z
0.9987,0,3,1,3,20,30,10000,2024-09-04T22:12:30Z
1,0,3,1,3,20,40,10000,2024-09-04T22:13:18Z
1,0,3,1,3,20,50,10000,2024-09-04T22:14:16Z
0.7875,0,3,1,3,30,10,10000,2024-09-04T22:11:01Z
0.984,0,3,1,3,30,20,10000,2024-09-04T22:11:49Z
0.9985,0,3,1,3,30,30,10000,2024-09-04T22:12:39Z
1,0,3,1,3,30,40,10000,2024-09-04T22:13:30Z
1,0,3,1,3,30,50,10000,2024-09-04T22:14:27Z
0.7947,0,3,1,3,40,10,10000,2024-09-04T22:11:09Z
0.9883,0,3,1,3,40,20,10000,2024-09-04T22:11:57Z
0.9995,0,3,1,3,40,30,10000,2024-09-04T22:12:48Z
1,0,3,1,3,40,40,10000,2024-09-04T22:13:42Z
1,0,3,1,3,40,50,10000,2024-09-04T22:14:36Z
0.8048,0,3,1,3,50,10,10000,2024-09-04T22:11:18Z
0.9863,0,3,1,3,50,20,10000,2024-09-04T22:12:07Z
0.9994,0,3,1,3,50,30,10000,2024-09-04T22:12:59Z
1,0,3,1,3,50,40,10000,2024-09-04T22:13:53Z
1,0,3,1,3,50,50,10000,2024-09-04T22:14:45Z
0.9729,0,3,2,1,10,10,10000,2024-09-04T22:10:38Z
0.9829,0,3,2,1,10,20,10000,2024-09-04T22:11:22Z
0.984,0,3,2,1,10,30,10000,2024-09-04T22:12:12Z
0.9832,0,3,2,1,10,40,10000,2024-09-04T22:13:03Z
0.9838,0,3,2,1,10,50,10000,2024-09-04T22:13:58Z
0.9998,0,3,2,1,20,10,10000,2024-09-04T22:10:45Z
0.9998,0,3,2,1,20,20,10000,2024-09-04T22:11:31Z
1,0,3,2,1,20,30,10000,2024-09-04T22:12:25Z
1,0,3,2,1,20,40,10000,2024-09-04T22:13:13Z
0.9999,0,3,2,1,20,50,10000,2024-09-04T22:14:09Z
1,0,3,2,1,30,10,10000,2024-09-04T22:10:54Z
1,0,3,2,1,30,20,10000,2024-09-04T22:11:44Z
1,0,3,2,1,30,30,10000,2024-09-04T22:12:34Z
1,0,3,2,1,30,40,10000,2024-09-04T22:13:23Z
1,0,3,2,1,30,50,10000,2024-09-04T22:14:21Z
1,0,3,2,1,40,10,10000,2024-09-04T22:11:05Z
1,0,3,2,1,40,20,10000,2024-09-04T22:11:53Z
1,0,3,2,1,40,30,10000,2024-09-04T22:12:43Z
1,0,3,2,1,40,40,10000,2024-09-04T22:13:35Z
1,0,3,2,1,40,50,10000,2024-09-04T22:14:31Z
1,0,3,2,1,50,10,10000,2024-09-04T22:11:13Z
1,0,3,2,1,50,20,10000,2024-09-04T22:12:02Z
1,0,3,2,1,50,30,10000,2024-09-04T22:12:52Z
1,0,3,2,1,50,40,10000,2024-09-04T22:13:47Z
1,0,3,2,1,50,50,10000,2024-09-04T22:14:40Z
0.8861,0,3,2,2,10,10,10000,2024-09-04T22:10:42Z
0.9538,0,3,2,2,10,20,10000,2024-09-04T22:11:27Z
0.9676,0,3,2,2,10,30,10000,2024-09-04T22:12:16Z
0.9746,0,3,2,2,10,40,10000,2024-09-04T22:13:05Z
0.9783,0,3,2,2,10,50,10000,2024-09-04T22:14:03Z
0.9531,0,3,2,2,20,10,10000,2024-09-04T22:10:49Z
0.9961,0,3,2,2,20,20,10000,2024-09-04T22:11:36Z
0.9982,0,3,2,2,20,30,10000,2024-09-04T22:12:26Z
0.9997,0,3,2,2,20,40,10000,2024-09-04T22:13:18Z
0.9993,0,3,2,2,20,50,10000,2024-09-04T22:14:13Z
0.9692,0,3,2,2,30,10,10000,2024-09-04T22:10:58Z
0.9993,0,3,2,2,30,20,10000,2024-09-04T22:11:44Z
1,0,3,2,2,30,30,10000,2024-09-04T22:12:39Z
1,0,3,2,2,30,40,10000,2024-09-04T22:13:28Z
1,0,3,2,2,30,50,10000,2024-09-04T22:14:22Z
0.9732,0,3,2,2,40,10,10000,2024-09-04T22:11:05Z
0.9994,0,3,2,2,40,20,10000,2024-09-04T22:11:57Z
0.9999,0,3,2,2,40,30,10000,2024-09-04T22:12:47Z
1,0,3,2,2,40,40,10000,2024-09-04T22:13:37Z
1,0,3,2,2,40,50,10000,2024-09-04T22:14:35Z
0.9789,0,3,2,2,50,10,10000,2024-09-04T22:11:18Z
1,0,3,2,2,50,20,10000,2024-09-04T22:12:07Z
1,0,3,2,2,50,30,10000,2024-09-04T22:12:55Z
1,0,3,2,2,50,40,10000,2024-09-04T22:13:51Z
1,0,3,2,2,50,50,10000,2024-09-04T22:14:45Z
0.6888,0,3,2,3,10,10,10000,2024-09-04T22:10:42Z
0.8775,0,3,2,3,10,20,10000,2024-09-04T22:11:31Z
0.92490000000000006,0,3,2,3,10,30,10000,2024-09-04T22:12:21Z
0.946,0,3,2,3,10,40,10000,2024-09-04T22:13:08Z
0.9601,0,3,2,3,10,50,10000,2024-09-04T22:14:07Z
0.7517,0,3,2,3,20,10,10000,2024-09-04T22:10:54Z
0.9511,0,3,2,3,20,20,10000,2024-09-04T22:11:40Z
0.9836,0,3,2,3,20,30,10000,2024-09-04T22:12:30Z
0.9946,0,3,2,3,20,40,10000,2024-09-04T22:13:20Z
0.9971,0,3,2,3,20,50,10000,2024-09-04T22:14:17Z
0.7713,0,3,2,3,30,10,10000,2024-09-04T22:11:01Z
0.9665,0,3,2,3,30,20,10000,2024-09-04T22:11:49Z
0.9946,0,3,2,3,30,30,10000,2024-09-04T22:12:40Z
0.999,0,3,2,3,30,40,10000,2024-09-04T22:13:33Z
0.9996,0,3,2,3,30,50,10000,2024-09-04T22:14:27Z
0.7788,0,3,2,3,40,10,10000,2024-09-04T22:11:09Z
0.9733,0,3,2,3,40,20,10000,2024-09-04T22:11:58Z
0.9959,0,3,2,3,40,30,10000,2024-09-04T22:12:51Z
0.9998,0,3,2,3,40,40,10000,2024-09-04T22:13:42Z
0.9998,0,3,2,3,40,50,10000,2024-09-04T22:14:36Z
0.7839,0,3,2,3,50,10,10000,2024-09-04T22:11:18Z
0.9759,0,3,2,3,50,20,10000,2024-09-04T22:12:11Z
0.9976,0,3,2,3,50,30,10000,2024-09-04T22:12:59Z
0.9996,0,3,2,3,50,40,10000,2024-09-04T22:13:54Z
1,0,3,2,3,50,50,10000,2024-09-04T22:14:49Z
0.782,0,3,3,1,10,10,10000,2024-09-04T22:10:38Z
0.7978,0,3,3,1,10,20,10000,2024-09-04T22:11:22Z
0.7908,0,3,3,1,10,30,10000,2024-09-04T22:12:16Z
0.7986,0,3,3,1,10,40,10000,2024-09-04T22:13:03Z
0.7974,0,3,3,1,10,50,10000,2024-09-04T22:13:59Z
0.9723,0,3,3,1,20,10,10000,2024-09-04T22:10:45Z
0.9821,0,3,3,1,20,20,10000,2024-09-04T22:11:36Z
0.9828,0,3,3,1,20,30,10000,2024-09-04T22:12:25Z
0.98740000000000006,0,3,3,1,20,40,10000,2024-09-04T22:13:13Z
0.9863,0,3,3,1,20,50,10000,2024-09-04T22:14:11Z
0.9957,0,3,3,1,30,10,10000,2024-09-04T22:10:57Z
0.9988,0,3,3,1,30,20,10000,2024-09-04T22:11:44Z
0.9995,0,3,3,1,30,30,10000,2024-09-04T22:12:35Z
0.9987,0,3,3,1,30,40,10000,2024-09-04T22:13:26Z
0.9995,0,3,3,1,30,50,10000,2024-09-04T22:14:22Z
0.9998,0,3,3,1,40,10,10000,2024-09-04T22:11:05Z
0.9998,0,3,3,1,40,20,10000,2024-09-04T22:11:53Z
0.9997,0,3,3,1,40,30,10000,2024-09-04T22:12:44Z
0.9998,0,3,3,1,40,40,10000,2024-09-04T22:13:37Z
1,0,3,3,1,40,50,10000,2024-09-04T22:14:31Z
0.9996,0,3,3,1,50,10,10000,2024-09-04T22:11:13Z
1,0,3,3,1,50,20,10000,2024-09-04T22:12:02Z
1,0,3,3,1,50,30,10000,2024-09-04T22:12:55Z
1,0,3,3,1,50,40,10000,2024-09-04T22:13:48Z
1,0,3,3,1,50,50,10000,2024-09-04T22:14:41Z
0.6906,0,3,3,2,10,10,10000,2024-09-04T22:10:42Z
0.752,0,3,3,2,10,20,10000,2024-09-04T22:11:27Z
0.7686,0,3,3,2,10,30,10000,2024-09-04T22:12:16Z
0.7825,0,3,3,2,10,40,10000,2024-09-04T22:13:08Z
0.7856,0,3,3,2,10,50,10000,2024-09-04T22:14:03Z
0.8827,0,3,3,2,20,10,10000,2024-09-04T22:10:49Z
0.9531,0,3,3,2,20,20,10000,2024-09-04T22:11:36Z
0.9668,0,3,3,2,20,30,10000,2024-09-04T22:12:30Z
0.9743,0,3,3,2,20,40,10000,2024-09-04T22:13:18Z
0.9784,0,3,3,2,20,50,10000,2024-09-04T22:14:13Z
0.9328,0,3,3,2,30,10,10000,2024-09-04T22:10:58Z
0.9853,0,3,3,2,30,20,10000,2024-09-04T22:11:49Z
0.9947,0,3,3,2,30,30,10000,2024-09-04T22:12:39Z
0.9964,0,3,3,2,30,40,10000,2024-09-04T22:13:28Z
0.9976,0,3,3,2,30,50,10000,2024-09-04T22:14:25Z
0.9496,0,3,3,2,40,10,10000,2024-09-04T22:11:09Z
0.9946,0,3,3,2,40,20,10000,2024-09-04T22:11:57Z
0.9983,0,3,3,2,40,30,10000,2024-09-04T22:12:47Z
0.9994,0,3,3,2,40,40,10000,2024-09-04T22:13:40Z
0.9997,0,3,3,2,40,50,10000,2024-09-04T22:14:36Z
0.9567,0,3,3,2,50,10,10000,2024-09-04T22:11:18Z
0.9976,0,3,3,2,50,20,10000,2024-09-04T22:12:07Z
0.9996,0,3,3,2,50,30,10000,2024-09-04T22:12:56Z
1,0,3,3,2,50,40,10000,2024-09-04T22:13:53Z
0.9999,0,3,3,2,50,50,10000,2024-09-04T22:14:45Z
0.5588,0,3,3,3,10,10,10000,2024-09-04T22:10:45Z
0.682,0,3,3,3,10,20,10000,2024-09-04T22:11:31Z
0.7326,0,3,3,3,10,30,10000,2024-09-04T22:12:21Z
0.7471,0,3,3,3,10,40,10000,2024-09-04T22:13:10Z
0.7684,0,3,3,3,10,50,10000,2024-09-04T22:14:08Z
0.6842,0,3,3,3,20,10,10000,2024-09-04T22:10:54Z
0.8654,0,3,3,3,20,20,10000,2024-09-04T22:11:40Z
0.922,0,3,3,3,20,30,10000,2024-09-04T22:12:31Z
0.944,0,3,3,3,20,40,10000,2024-09-04T22:13:23Z
0.9604,0,3,3,3,20,50,10000,2024-09-04T22:14:17Z
0.7294,0,3,3,3,30,10,10000,2024-09-04T22:11:01Z
0.9212,0,3,3,3,30,20,10000,2024-09-04T22:11:49Z
0.9712,0,3,3,3,30,30,10000,2024-09-04T22:12:42Z
0.985,0,3,3,3,30,40,10000,2024-09-04T22:13:33Z
0.9883,0,3,3,3,30,50,10000,2024-09-04T22:14:27Z
0.7558,0,3,3,3,40,10,10000,2024-09-04T22:11:09Z
0.947,0,3,3,3,40,20,10000,2024-09-04T22:12:02Z
0.9821,0,3,3,3,40,30,10000,2024-09-04T22:12:51Z
0.9929,0,3,3,3,40,40,10000,2024-09-04T22:13:42Z
0.9964,0,3,3,3,40,50,10000,2024-09-04T22:14:39Z
0.763,0,3,3,3,50,10,10000,2024-09-04T22:11:22Z
0.9576,0,3,3,3,50,20,10000,2024-09-04T22:12:11Z
0.9896,0,3,3,3,50,30,10000,2024-09-04T22:12:59Z
0.9971,0,3,3,3,50,40,10000,2024-09-04T22:13:56Z
0.9986,0,3,3,3,50,50,10000,2024-09-04T22:14:49Z
